Period;Version;Classes Total;Classes w/ Atoms;LoC;N.Atoms;N.Types;PostIncDec;PreIncDec;IOP;CO;AaL;LaCF;RV;CoLE;OCB;TC
After CI/CD;6.0.1;725;204;104280;1791;5;1;0;52;527;0;1083;0;0;0;128
After CI/CD;5.4.0;711;201;100516;1702;5;1;0;41;520;0;1045;0;0;0;95
After CI/CD;5.3.0;657;184;93756;1584;5;1;0;28;475;0;978;0;0;0;102
After CI/CD;5.2.0;632;177;84324;1409;4;0;0;25;448;0;850;0;0;0;86
After CI/CD;5.1.5;591;163;78977;1381;4;0;0;28;480;0;788;0;0;0;85
After CI/CD;5.1.0;581;161;77682;1325;4;0;0;28;455;0;760;0;0;0;82
Before CI/CD;5.0.0;565;152;75623;1213;4;0;0;27;371;0;736;0;0;0;79
Before CI/CD;4.3.0;531;140;70185;1087;4;0;0;20;299;0;695;0;0;0;73
Before CI/CD;4.2.0;505;135;65748;910;4;0;0;14;239;0;589;0;0;0;68
Before CI/CD;4.1.0;489;127;62221;790;4;0;0;14;198;0;518;0;0;0;60
Before CI/CD;4.0.0;418;108;54098;614;4;0;0;14;96;0;462;0;0;0;42
Before CI/CD;3.2.0;376;96;48885;520;4;0;0;12;79;0;394;0;0;0;35
