Project,Period,Version,Classes Total,Classes w/ Atoms,LoC,N.Atoms,N.Types,PostIncDec,PreIncDec,IOP,CO,AaL,LaCF,RV,CoLE,OCB,TC,Number of Atoms per LoC (10^-3),Atom Diffusion,Atom Density
Infinity-For-Reddit,Before CI/CD,3.2.0,376,96,48885,520,4,0,0,12,79,0,394,0,0,0,35,10.637209778050527,0.2553191489361702,5.416666666666667
Infinity-For-Reddit,Before CI/CD,4.0.0,418,108,54098,614,4,0,0,14,96,0,462,0,0,0,42,11.349772634847868,0.2583732057416268,5.685185185185185
Infinity-For-Reddit,Before CI/CD,4.1.0,489,127,62221,790,4,0,0,14,198,0,518,0,0,0,60,12.696677970460135,0.25971370143149286,6.2204724409448815
Infinity-For-Reddit,Before CI/CD,4.2.0,505,135,65748,910,4,0,0,14,239,0,589,0,0,0,68,13.840725193161768,0.26732673267326734,6.7407407407407405
Infinity-For-Reddit,Before CI/CD,4.3.0,531,140,70185,1087,4,0,0,20,299,0,695,0,0,0,73,15.487639809076013,0.263653483992467,7.764285714285714
Infinity-For-Reddit,Before CI/CD,5.0.0,565,152,75623,1213,4,0,0,27,371,0,736,0,0,0,79,16.04009362231067,0.26902654867256637,7.980263157894737
Infinity-For-Reddit,After CI/CD,5.1.0,581,161,77682,1325,4,0,0,28,455,0,760,0,0,0,82,17.05671841610669,0.27710843373493976,8.229813664596273
Infinity-For-Reddit,After CI/CD,5.1.5,591,163,78977,1381,4,0,0,28,480,0,788,0,0,0,85,17.486103549134558,0.27580372250423013,8.47239263803681
Infinity-For-Reddit,After CI/CD,5.2.0,632,177,84324,1409,4,0,0,25,448,0,850,0,0,0,86,16.70935913856079,0.2800632911392405,7.96045197740113
Infinity-For-Reddit,After CI/CD,5.3.0,657,184,93756,1584,5,1,0,28,475,0,978,0,0,0,102,16.894918725201588,0.2800608828006088,8.608695652173912
Infinity-For-Reddit,After CI/CD,5.4.0,711,201,100516,1702,5,1,0,41,520,0,1045,0,0,0,95,16.932627641370527,0.28270042194092826,8.467661691542288
Infinity-For-Reddit,After CI/CD,6.0.1,725,204,104280,1791,5,1,0,52,527,0,1083,0,0,0,128,17.174913693901036,0.2813793103448276,8.779411764705882
